timestamp,project_name,run_id,experiment_id,duration,emissions,emissions_rate,cpu_power,gpu_power,ram_power,cpu_energy,gpu_energy,ram_energy,energy_consumed,water_consumed,country_name,country_iso_code,region,cloud_provider,cloud_region,os,python_version,codecarbon_version,cpu_count,cpu_model,gpu_count,gpu_model,longitude,latitude,ram_total_size,tracking_mode,cpu_utilization_percent,gpu_utilization_percent,ram_utilization_percent,ram_used_gb,on_cloud,pue,wue
2026-04-16T14:03:58,codecarbon,7f6e92fc-4e90-420b-b54a-4d087d47111c,5b0fa12a-3dd7-45bb-9766-cc326314d9f1,1.5375920000005865,2.4061173936833587e-06,1.5648607651980769e-06,4.8001458,0.0,10.0,1.3807399387050232e-06,0.0,2.87527611111121e-06,4.256016049816234e-06,0.0,North Macedonia,MKD,grad skopje,,,Windows-11-10.0.26200-SP0,3.14.0,3.2.6,12,12th Gen Intel(R) Core(TM) i7-1255U,0,,21.4314,41.9965,15.701038360595703,machine,0,0,0,0,N,1.0,0.0
2026-04-16T14:04:54,codecarbon,f7d8a366-4ac6-47fb-b533-4efddff18181,5b0fa12a-3dd7-45bb-9766-cc326314d9f1,1.56900570000289,2.6691091550009028e-06,1.7011468823828914e-06,5.9317567536,0.0,10.0,1.7586319186072304e-06,0.0,2.9625722222287244e-06,4.721204140835955e-06,0.0,North Macedonia,MKD,grad skopje,,,Windows-11-10.0.26200-SP0,3.14.0,3.2.6,12,12th Gen Intel(R) Core(TM) i7-1255U,0,,21.4314,41.9965,15.701038360595703,machine,0,0,0,0,N,1.0,0.0
2026-04-16T14:08:01,codecarbon,de8de84b-9938-4a32-91ae-59b546c3c561,5b0fa12a-3dd7-45bb-9766-cc326314d9f1,1.535069100002147,2.400339706215082e-06,1.563668831723422e-06,4.8001185408,0.0,10.0,1.3774593502306696e-06,0.0,2.8683369444479465e-06,4.245796294678616e-06,0.0,North Macedonia,MKD,grad skopje,,,Windows-11-10.0.26200-SP0,3.14.0,3.2.6,12,12th Gen Intel(R) Core(TM) i7-1255U,0,,21.4314,41.9965,15.701038360595703,machine,0,0,0,0,N,1.0,0.0
2026-04-16T14:08:09,codecarbon,078b46bd-b6af-4fb4-aab5-8f84b162a3ec,5b0fa12a-3dd7-45bb-9766-cc326314d9f1,1.5383378000005905,2.4051989897723826e-06,1.5635050960663252e-06,4.8000949104,0.0,10.0,1.3803218258986742e-06,0.0,2.874069722222177e-06,4.254391548120851e-06,0.0,North Macedonia,MKD,grad skopje,,,Windows-11-10.0.26200-SP0,3.14.0,3.2.6,12,12th Gen Intel(R) Core(TM) i7-1255U,0,,21.4314,41.9965,15.701038360595703,machine,0,0,0,0,N,1.0,0.0
2026-04-16T14:08:23,codecarbon,4753d489-9f5d-459b-9a31-0c3a04428c7c,5b0fa12a-3dd7-45bb-9766-cc326314d9f1,1.5377986999992572,2.405396002037712e-06,1.5641813210265254e-06,4.805400000000001,0.0,10.0,1.3814008629342504e-06,0.0,2.87333916667194e-06,4.254740029606191e-06,0.0,North Macedonia,MKD,grad skopje,,,Windows-11-10.0.26200-SP0,3.14.0,3.2.6,12,12th Gen Intel(R) Core(TM) i7-1255U,0,,21.4314,41.9965,15.701038360595703,machine,0,0,0,0,N,1.0,0.0
2026-04-16T14:08:32,codecarbon,ae1b0172-2775-4bc9-aa9e-88ac31d2e810,5b0fa12a-3dd7-45bb-9766-cc326314d9f1,1.5310643000011623,2.4036789183862296e-06,1.5699398897775912e-06,4.8823661568,0.0,10.0,1.395314742535959e-06,0.0,2.856388055554109e-06,4.251702798090068e-06,0.0,North Macedonia,MKD,grad skopje,,,Windows-11-10.0.26200-SP0,3.14.0,3.2.6,12,12th Gen Intel(R) Core(TM) i7-1255U,0,,21.4314,41.9965,15.701038360595703,machine,0,0,0,0,N,1.0,0.0
2026-04-16T14:09:06,codecarbon,34fedda3-a49e-44c9-8973-4e2dfa7caaa3,5b0fa12a-3dd7-45bb-9766-cc326314d9f1,1.5437158000022464,2.41682922245381e-06,1.5655920749468866e-06,4.8000221184,0.0,10.0,1.3870165246780224e-06,0.0,2.887946944449343e-06,4.274963469127365e-06,0.0,North Macedonia,MKD,grad skopje,,,Windows-11-10.0.26200-SP0,3.14.0,3.2.6,12,12th Gen Intel(R) Core(TM) i7-1255U,0,,21.4314,41.9965,15.701038360595703,machine,0,0,0,0,N,1.0,0.0
2026-04-16T14:12:29,codecarbon,a6a40220-5d2e-40de-bc8a-6a811e6db1f4,5b0fa12a-3dd7-45bb-9766-cc326314d9f1,1.5486956999993708,2.430392660375341e-06,1.5693158187088196e-06,4.800850305600001,0.0,10.0,1.3950326820860257e-06,0.0,2.9039222222207984e-06,4.298954904306824e-06,0.0,North Macedonia,MKD,grad skopje,,,Windows-11-10.0.26200-SP0,3.14.0,3.2.6,12,12th Gen Intel(R) Core(TM) i7-1255U,0,,21.4314,41.9965,15.701038360595703,machine,0,0,0,0,N,1.0,0.0
2026-04-16T14:12:37,codecarbon,dd0a5a4c-98eb-4caa-973e-5ecd786d8856,5b0fa12a-3dd7-45bb-9766-cc326314d9f1,1.5311956000005011,2.4120710175793866e-06,1.5752860167431235e-06,4.9400454144,0.0,10.0,1.4111600623958597e-06,0.0,2.855386944439589e-06,4.266547006835448e-06,0.0,North Macedonia,MKD,grad skopje,,,Windows-11-10.0.26200-SP0,3.14.0,3.2.6,12,12th Gen Intel(R) Core(TM) i7-1255U,0,,21.4314,41.9965,15.701038360595703,machine,0,0,0,0,N,1.0,0.0
